,Rank,Major,Degree,Early Career Pay,Mid Career Pay
0,1,Petroleum Engineering,Bachelor's Degree,"$98,100","$212,100"
1,2,Operations Research & Industrial Engineering,Bachelor's Degree,"$101,200","$202,600"
2,3,Electrical Engineering & Computer Science (EECS),Bachelor's Degree,"$128,500","$192,300"
3,4,Interaction Design,Bachelor's Degree,"$77,400","$178,800"
4,5,Building Science,Bachelor's Degree,"$71,100","$172,400"
5,6,Applied Economics and Management,Bachelor's Degree,"$81,200","$169,300"
6,7,Actuarial Mathematics,Bachelor's Degree,"$71,200","$167,500"
7,8,Optical Science & Engineering,Bachelor's Degree,"$81,500","$166,400"
8,9,Quantitative Economics,Bachelor's Degree,"$78,400","$165,100"
9,10,Operations Research,Bachelor's Degree,"$94,900","$164,900"
10,11,Systems Engineering,Bachelor's Degree,"$89,700","$163,800"
11,12,Information & Computer Science,Bachelor's Degree,"$73,200","$162,900"
12,13,Public Accounting,Bachelor's Degree,"$71,500","$162,200"
13,14,Cognitive Science,Bachelor's Degree,"$80,300","$162,100"
14,15,Aeronautics & Astronautics,Bachelor's Degree,"$89,800","$161,600"
15,16,Aerospace Studies,Bachelor's Degree,"$64,500","$158,400"
16,17,Pharmacy,Bachelor's Degree,"$71,500","$158,000"
17,18,Managerial Economics,Bachelor's Degree,"$78,200","$157,800"
18,19,Foreign Affairs,Bachelor's Degree,"$65,200","$157,700"
19,20,Political Economy,Bachelor's Degree,"$75,800","$156,700"
20,21,Chemical Engineering,Bachelor's Degree,"$87,700","$156,100"
21,21,Marine Transportation Management,Bachelor's Degree,"$78,500","$156,100"
22,23,Computer Science (CS) & Engineering,Bachelor's Degree,"$93,500","$154,100"
23,24,Corporate Accounting & Finance,Bachelor's Degree,"$79,100","$154,000"
24,25,Computer Engineering (CE),Bachelor's Degree,"$92,000","$153,800"
25,26,Electrical Power Engineering,Bachelor's Degree,"$87,200","$152,700"
26,27,Marine Engineering,Bachelor's Degree,"$89,400","$151,800"
27,28,Electrical & Computer Engineering (ECE),Bachelor's Degree,"$91,100","$151,300"
28,29,Econometrics,Bachelor's Degree,"$74,200","$150,900"
29,30,Actuarial Science,Bachelor's Degree,"$78,500","$150,000"
30,30,Astronomy,Bachelor's Degree,"$77,000","$150,000"
31,32,Mechatronics,Bachelor's Degree,"$83,300","$148,600"
32,33,Computational & Applied Mathematics,Bachelor's Degree,"$88,200","$148,200"
33,33,Construction Engineering Management,Bachelor's Degree,"$81,700","$148,200"
34,35,Aeronautical Engineering,Bachelor's Degree,"$86,500","$147,200"
35,35,Electrical Engineering (EE),Bachelor's Degree,"$87,500","$147,200"
36,37,Naval Architecture & Marine Engineering,Bachelor's Degree,"$85,300","$147,000"
37,38,Instrumentation & Control Engineering,Bachelor's Degree,"$83,800","$146,600"
38,38,Ocean Engineering (OE),Bachelor's Degree,"$80,300","$146,600"
39,40,Electrical & Electronics Engineering (EEE),Bachelor's Degree,"$86,300","$146,400"
40,41,Quantitative Business Analysis,Bachelor's Degree,"$86,300","$145,000"
41,42,Computer Science (CS) & Mathematics,Bachelor's Degree,"$82,800","$144,900"
42,43,Engineering Physics,Bachelor's Degree,"$80,900","$144,500"
43,44,Bioscience,Bachelor's Degree,"$61,700","$144,400"
44,45,Computer Science (CS),Bachelor's Degree,"$88,400","$143,900"
45,46,Jazz Studies,Bachelor's Degree,"$63,800","$143,600"
46,47,Aeronautical/Aerospace Engineering Technology,Bachelor's Degree,"$84,500","$142,500"
47,48,Bioengineering (BioE),Bachelor's Degree,"$81,900","$142,100"
48,49,Management Science,Bachelor's Degree,"$75,500","$141,900"
49,50,Aerospace Engineering,Bachelor's Degree,"$85,900","$141,800"
50,51,Information Management,Bachelor's Degree,"$71,000","$141,400"
51,52,Metallurgical Engineering,Bachelor's Degree,"$93,200","$141,300"
52,53,Applied Mathematics,Bachelor's Degree,"$79,900","$141,100"
53,53,Operations Management & Information Systems,Bachelor's Degree,"$78,400","$141,100"
54,55,Chemical & Biomolecular Engineering,Bachelor's Degree,"$88,300","$140,900"
55,56,Mechanical & Aeronautical Engineering,Bachelor's Degree,"$84,200","$140,600"
56,57,Materials Science,Bachelor's Degree,"$79,000","$140,200"
57,58,Engineering,Bachelor's Degree,"$80,000","$140,000"
58,59,Energy Management,Bachelor's Degree,"$69,700","$139,900"
59,60,Industrial & Systems Engineering,Bachelor's Degree,"$84,500","$139,600"
60,61,Materials Science & Engineering,Bachelor's Degree,"$83,700","$139,300"
61,62,Biomedical Engineering (BME),Bachelor's Degree,"$83,000","$139,000"
62,63,Welding Engineering,Bachelor's Degree,"$89,200","$138,700"
63,64,Mining Engineering,Bachelor's Degree,"$87,400","$138,600"
64,65,Engineering Science,Bachelor's Degree,"$79,300","$138,500"
65,65,Industrial Hygiene,Bachelor's Degree,"$66,700","$138,500"
66,65,Nuclear Engineering,Bachelor's Degree,"$86,900","$138,500"
67,68,Paper Science,Bachelor's Degree,"$87,400","$138,000"
68,69,Industrial Engineering (IE),Bachelor's Degree,"$83,000","$137,800"
69,70,Robotics & Automation,Bachelor's Degree,"$74,700","$137,700"
70,70,Physics,Bachelor's Degree,"$77,900","$137,700"
71,72,Integrated Science & Technology,Bachelor's Degree,"$73,700","$137,300"
72,73,Business Analysis,Bachelor's Degree,"$73,100","$137,000"
73,74,Business & Economics,Bachelor's Degree,"$69,000","$136,700"
74,74,Economics and Mathematics,Bachelor's Degree,"$79,800","$136,700"
75,76,Software Engineering,Bachelor's Degree,"$86,800","$136,600"
76,77,Computer & Information Science,Bachelor's Degree,"$78,500","$135,600"
77,78,Global & International Studies,Bachelor's Degree,"$62,300","$135,100"
78,79,Entrepreneurship & Marketing,Bachelor's Degree,"$66,100","$134,800"
79,80,International Economics,Bachelor's Degree,"$66,200","$134,500"
80,80,Materials Engineering,Bachelor's Degree,"$83,700","$134,500"
81,82,Economics,Bachelor's Degree,"$72,900","$134,200"
82,82,Environmental Health & Safety Management,Bachelor's Degree,"$69,500","$134,200"
83,84,Interactive Media Design,Bachelor's Degree,"$62,400","$134,100"
84,85,Mechanical Engineering (ME),Bachelor's Degree,"$82,000","$133,700"
85,85,Packaging Science,Bachelor's Degree,"$80,700","$133,700"
86,87,Management Information Systems (MIS),Bachelor's Degree,"$76,300","$133,400"
87,88,Ceramic Engineering,Bachelor's Degree,"$78,700","$133,200"
88,88,Structural Engineering (SE),Bachelor's Degree,"$79,000","$133,200"
89,90,Telecommunications Engineering,Bachelor's Degree,"$81,400","$132,800"
90,91,Construction Project Management,Bachelor's Degree,"$71,500","$132,500"
91,92,Finance & Real Estate,Bachelor's Degree,"$75,700","$132,100"
92,93,Electronics Engineering,Bachelor's Degree,"$81,500","$131,700"
93,94,Automotive Engineering,Bachelor's Degree,"$76,600","$131,600"
94,95,Plastics Engineering,Bachelor's Degree,"$81,500","$131,000"
95,95,Mathematics & Statistics,Bachelor's Degree,"$74,400","$131,000"
96,97,Information & Decision Sciences,Bachelor's Degree,"$75,400","$130,000"
97,98,Mechanical,Bachelor's Degree,"$82,200","$129,900"
98,99,Applied Physics,Bachelor's Degree,"$78,700","$129,800"
99,100,Building Construction (BC),Bachelor's Degree,"$75,500","$129,700"
100,101,Accounting & Economics,Bachelor's Degree,"$76,700","$129,100"
101,102,Psychobiology,Bachelor's Degree,"$60,500","$128,600"
102,103,Astrophysics,Bachelor's Degree,"$81,600","$128,300"
103,103,Financial Economics,Bachelor's Degree,"$73,200","$128,300"
104,105,International Business & Finance,Bachelor's Degree,"$71,500","$128,100"
105,106,Computing & Information Systems (CIS),Bachelor's Degree,"$70,900","$127,700"
106,107,Asian Studies,Bachelor's Degree,"$54,800","$127,500"
107,108,Government,Bachelor's Degree,"$65,800","$127,400"
108,108,Nuclear Engineering Technology (NET),Bachelor's Degree,"$96,500","$127,400"
109,108,Finance & Economics,Bachelor's Degree,"$72,400","$127,400"
110,111,Marketing & International Business,Bachelor's Degree,"$62,100","$127,200"
111,112,Biochemistry & Molecular Biology,Bachelor's Degree,"$64,000","$127,000"
112,112,Information Systems Management,Bachelor's Degree,"$72,600","$127,000"
113,114,Business Information Systems,Bachelor's Degree,"$75,500","$126,600"
114,114,Mathematics,Bachelor's Degree,"$74,900","$126,600"
115,116,Information Security & Assurance,Bachelor's Degree,"$70,600","$126,400"
116,117,Civil Engineering (CE),Bachelor's Degree,"$75,800","$126,100"
117,118,Construction Management,Bachelor's Degree,"$74,200","$125,900"
118,119,Polymer Science & Engineering,Bachelor's Degree,"$86,100","$125,800"
119,120,International Management,Bachelor's Degree,"$67,500","$125,700"
120,121,Applied Economics,Bachelor's Degree,"$71,900","$125,600"
121,121,Construction Science,Bachelor's Degree,"$79,800","$125,600"
122,121,Economics & Political Science,Bachelor's Degree,"$66,100","$125,600"
123,124,Political Communication,Bachelor's Degree,"$59,300","$125,500"
124,125,Aeronautical Science,Bachelor's Degree,"$64,900","$125,300"
125,125,Control Engineering,Bachelor's Degree,"$80,000","$125,300"
126,127,Russian Studies,Bachelor's Degree,"$57,900","$125,200"
127,128,Business Economics,Bachelor's Degree,"$68,600","$125,100"
128,129,Civil & Environmental Engineering,Bachelor's Degree,"$75,900","$124,900"
129,130,Business Computer Information Systems (BCIS),Bachelor's Degree,"$76,500","$124,500"
130,131,Cybersecurity,Bachelor's Degree,"$74,800","$124,400"
131,132,Engineering Management,Bachelor's Degree,"$79,400","$124,200"
132,132,Information Systems (IS),Bachelor's Degree,"$75,300","$124,200"
133,132,Manufacturing Engineering,Bachelor's Degree,"$79,800","$124,200"
134,132,Real Estate,Bachelor's Degree,"$71,400","$124,200"
135,136,Building Construction Management,Bachelor's Degree,"$73,600","$124,100"
136,137,Plastics Engineering Technology,Bachelor's Degree,"$75,000","$124,000"
137,138,International Marketing,Bachelor's Degree,"$67,500","$123,700"
138,139,Aviation,Bachelor's Degree,"$67,500","$123,000"
139,139,Biosystems Engineering,Bachelor's Degree,"$74,800","$123,000"
140,141,Data Processing,Bachelor's Degree,"$75,900","$122,800"
141,141,Food Marketing,Bachelor's Degree,"$67,100","$122,800"
142,143,Computer Science & Information Technology,Bachelor's Degree,"$76,300","$122,500"
143,144,Agricultural Economics,Bachelor's Degree,"$62,400","$122,400"
144,144,Management & Finance,Bachelor's Degree,"$66,100","$122,400"
145,144,Strategic Management,Bachelor's Degree,"$76,400","$122,400"
146,147,Computer Management Information Systems (CMIS),Bachelor's Degree,"$65,800","$122,300"
147,148,Organic Chemistry,Bachelor's Degree,"$51,400","$122,200"
148,149,Finance,Bachelor's Degree,"$70,800","$122,000"
149,150,Financial Planning,Bachelor's Degree,"$63,300","$121,900"
150,151,Web Development,Bachelor's Degree,"$64,600","$121,700"
151,152,European Studies,Bachelor's Degree,"$62,700","$121,600"
152,153,Construction Engineering,Bachelor's Degree,"$78,300","$121,300"
153,154,International Relations,Bachelor's Degree,"$62,900","$121,200"
154,155,Molecular Biology,Bachelor's Degree,"$64,300","$121,100"
155,155,International Business,Bachelor's Degree,"$65,100","$121,100"
156,157,Computer Information Systems (CIS),Bachelor's Degree,"$71,700","$121,000"
157,158,Information Security,Bachelor's Degree,"$76,400","$120,700"
158,158,Japanese Language,Bachelor's Degree,"$62,100","$120,700"
159,160,East Asian Studies,Bachelor's Degree,"$60,100","$120,400"
160,161,Economics & Management,Bachelor's Degree,"$62,800","$120,100"
161,162,European History,Bachelor's Degree,"$62,700","$120,000"
162,163,Agricultural Engineering (AE),Bachelor's Degree,"$73,500","$119,900"
163,164,Architectural Engineering,Bachelor's Degree,"$76,400","$119,800"
164,164,Entrepreneurship & Leadership,Bachelor's Degree,"$67,000","$119,800"
165,164,Computing,Bachelor's Degree,"$73,400","$119,800"
166,167,Information Technology Management,Bachelor's Degree,"$74,100","$119,700"
167,168,Electrical Engineering Technology (EET),Bachelor's Degree,"$76,100","$119,600"
168,169,Chinese Language,Bachelor's Degree,"$62,700","$119,500"
169,170,Business Finance,Bachelor's Degree,"$67,100","$119,400"
170,171,Sales & Business Marketing,Bachelor's Degree,"$67,000","$119,300"
171,172,Safety Science,Bachelor's Degree,"$72,600","$119,200"
172,173,Corporate Finance,Bachelor's Degree,"$74,500","$119,100"
173,174,Industrial Distribution,Bachelor's Degree,"$73,600","$118,900"
174,175,Computer Engineering Technology (CET),Bachelor's Degree,"$72,900","$118,800"
175,176,Dairy Science,Bachelor's Degree,"$60,100","$118,300"
176,177,Japanese Studies,Bachelor's Degree,"$59,700","$118,100"
177,178,Network Engineering,Bachelor's Degree,"$71,500","$118,000"
178,179,Environmental Engineering,Bachelor's Degree,"$72,600","$117,700"
179,180,Accounting & Taxation,Bachelor's Degree,"$60,000","$117,500"
180,181,Robotics,Bachelor's Degree,"$91,100","$117,400"
181,182,Biotechnology,Bachelor's Degree,"$63,000","$116,900"
182,183,Accounting & Finance,Bachelor's Degree,"$69,100","$116,700"
183,184,Mechanical Engineering Technology (MET),Bachelor's Degree,"$74,200","$116,500"
184,185,Operations Management (OM),Bachelor's Degree,"$72,100","$116,200"
185,186,Food Science & Technology,Bachelor's Degree,"$61,700","$116,100"
186,187,Agricultural Economics & Business,Bachelor's Degree,"$63,700","$115,800"
187,188,Biochemistry (BCH),Bachelor's Degree,"$58,900","$115,600"
188,188,Computer Networking Systems,Bachelor's Degree,"$67,100","$115,600"
189,188,Product Design,Bachelor's Degree,"$72,100","$115,600"
190,191,Mechanical Design,Bachelor's Degree,"$70,000","$115,500"
191,192,Labor Relations,Bachelor's Degree,"$59,500","$115,300"
192,192,Information Assurance,Bachelor's Degree,"$63,500","$115,300"
193,194,Business Operations,Bachelor's Degree,"$64,600","$115,100"
194,195,Environmental Policy Analysis & Planning,Bachelor's Degree,"$60,800","$114,900"
195,196,Information Technology (IT),Bachelor's Degree,"$69,800","$114,800"
196,196,International Development Studies,Bachelor's Degree,"$57,200","$114,800"
197,198,Rhetoric,Bachelor's Degree,"$60,300","$114,700"
198,199,Aviation Management,Bachelor's Degree,"$58,900","$114,600"
199,199,Consumer Economics,Bachelor's Degree,"$62,400","$114,600"
200,201,Electromechanical Engineering,Bachelor's Degree,"$82,400","$114,500"
201,201,Informatics,Bachelor's Degree,"$81,600","$114,500"
202,203,Computer Security,Bachelor's Degree,"$78,500","$114,100"
203,203,Software Applications & Programming,Bachelor's Degree,"$73,700","$114,100"
204,203,Business & Marketing,Bachelor's Degree,"$61,400","$114,100"
205,206,Social Ecology,Bachelor's Degree,"$56,200","$114,000"
206,207,Accounting & Auditing,Bachelor's Degree,"$67,600","$113,900"
207,207,Database Management,Bachelor's Degree,"$78,600","$113,900"
208,207,Industrial Management,Bachelor's Degree,"$67,800","$113,900"
209,210,Politics,Bachelor's Degree,"$61,300","$113,800"
210,211,Business Technology Management,Bachelor's Degree,"$69,000","$113,700"
211,211,Construction Science & Management,Bachelor's Degree,"$75,700","$113,700"
212,211,Political Science/Public Law,Bachelor's Degree,"$60,000","$113,700"
213,211,Government & International Politics (GVIP),Bachelor's Degree,"$60,700","$113,700"
214,215,Aviation Flight Science (AFL),Bachelor's Degree,"$64,200","$113,500"
215,216,Engineering Technology (ET),Bachelor's Degree,"$67,600","$113,400"
216,217,Information Technology (IT) & Systems,Bachelor's Degree,"$72,000","$113,300"
217,218,Telecommunications Management,Bachelor's Degree,"$64,700","$112,900"
218,219,Agribusiness,Bachelor's Degree,"$58,600","$112,700"
219,219,Occupational Health and Safety,Bachelor's Degree,"$69,000","$112,700"
220,219,Physical Therapy,Bachelor's Degree,"$57,500","$112,700"
221,222,Industrial Safety,Bachelor's Degree,"$61,100","$112,600"
222,222,Music Production & Engineering,Bachelor's Degree,"$55,100","$112,600"
223,224,Business & Finance,Bachelor's Degree,"$63,400","$112,400"
224,224,Civil Engineering Technology (CET),Bachelor's Degree,"$67,900","$112,400"
225,226,Chemistry,Bachelor's Degree,"$60,200","$112,300"
226,226,French Literature,Bachelor's Degree,"$56,300","$112,300"
227,228,Operations & Supply Chain Management,Bachelor's Degree,"$71,500","$112,200"
228,229,Computer Information Systems,Bachelor's Degree,"$67,100","$111,900"
229,229,Marketing,Bachelor's Degree,"$60,200","$111,900"
230,231,Finance & Banking,Bachelor's Degree,"$65,100","$111,800"
231,232,Computer Programming,Bachelor's Degree,"$68,800","$111,700"
232,233,Marketing & Management,Bachelor's Degree,"$59,700","$111,500"
233,233,Supply Chain Management,Bachelor's Degree,"$71,300","$111,500"
234,235,Technical Communication,Bachelor's Degree,"$57,200","$111,400"
235,236,Cell Biology,Bachelor's Degree,"$58,500","$111,300"
236,237,Networks & Telecommunications,Bachelor's Degree,"$64,600","$111,100"
237,238,Electronics Engineering Technology (EET),Bachelor's Degree,"$74,500","$110,800"
238,239,Biopsychology,Bachelor's Degree,"$61,600","$110,700"
239,239,Applied Networking & Systems Administration,Bachelor's Degree,"$67,500","$110,700"
240,241,Geological Engineering,Bachelor's Degree,"$70,500","$110,600"
241,242,Business Management & Marketing,Bachelor's Degree,"$58,700","$110,500"
242,242,Spanish Literature,Bachelor's Degree,"$59,500","$110,500"
243,244,Real Estate Development,Bachelor's Degree,"$68,900","$110,400"
244,245,Electronics & Computer Technology,Bachelor's Degree,"$62,300","$110,300"
245,245,Industrial Technology (IT),Bachelor's Degree,"$74,100","$110,300"
246,247,Accounts,Bachelor's Degree,"$69,100","$110,200"
247,247,Construction Technology,Bachelor's Degree,"$73,700","$110,200"
248,247,Risk Management,Bachelor's Degree,"$65,700","$110,200"
249,250,Industrial Engineering Technology,Bachelor's Degree,"$77,600","$110,100"
250,250,Genetics,Bachelor's Degree,"$63,200","$110,100"
251,252,Government & Politics,Bachelor's Degree,"$62,100","$110,000"
252,252,Microbiology & Immunology,Bachelor's Degree,"$65,400","$110,000"
253,254,Digital Design,Bachelor's Degree,"$57,800","$109,700"
254,254,Hotel Management,Bachelor's Degree,"$58,000","$109,700"
255,254,Italian Language,Bachelor's Degree,"$58,400","$109,700"
256,254,Safety Management,Bachelor's Degree,"$69,300","$109,700"
257,258,Environmental Health & Safety,Bachelor's Degree,"$66,500","$109,600"
258,258,Marketing Communication,Bachelor's Degree,"$54,700","$109,600"
259,258,Political Science,Bachelor's Degree,"$59,800","$109,600"
260,258,Welding Engineering Technology,Bachelor's Degree,"$83,700","$109,600"
261,262,Industrial Psychology,Bachelor's Degree,"$58,100","$109,500"
262,263,Pharmaceutical Sciences (PS),Bachelor's Degree,"$62,000","$109,200"
263,263,Marketing & Communications,Bachelor's Degree,"$58,400","$109,200"
264,265,Network Security,Bachelor's Degree,"$69,900","$109,100"
265,266,Industrial Design (ID),Bachelor's Degree,"$64,600","$109,000"
266,266,Sales & Marketing,Bachelor's Degree,"$62,800","$109,000"
267,268,Environmental Science & Policy,Bachelor's Degree,"$58,800","$108,800"
268,268,Organizational Behavior,Bachelor's Degree,"$65,200","$108,800"
269,270,Business Data Analysis,Bachelor's Degree,"$74,800","$108,700"
270,271,Physics & Astronomy,Bachelor's Degree,"$67,800","$108,600"
271,272,Philosophy,Bachelor's Degree,"$62,700","$108,400"
272,273,Accounting,Bachelor's Degree,"$64,200","$108,300"
273,273,German Language,Bachelor's Degree,"$60,600","$108,300"
274,273,Comparative Literature,Bachelor's Degree,"$54,500","$108,300"
275,276,Architecture,Bachelor's Degree,"$60,000","$108,100"
276,277,Advertising Design,Bachelor's Degree,"$63,200","$108,000"
277,278,Accounting & Computer Systems,Bachelor's Degree,"$77,800","$107,500"
278,278,Financial Accounting,Bachelor's Degree,"$65,600","$107,500"
279,280,Risk Management & Insurance,Bachelor's Degree,"$69,700","$107,400"
280,281,Urban Planning,Bachelor's Degree,"$57,600","$107,300"
281,282,Accounting & Management,Bachelor's Degree,"$63,900","$107,000"
282,282,Cell & Molecular Biology,Bachelor's Degree,"$59,800","$107,000"
283,282,Manufacturing Management,Bachelor's Degree,"$73,200","$107,000"
284,285,Computer & Network Administration,Bachelor's Degree,"$65,700","$106,800"
285,286,Occupational Therapy (OT),Bachelor's Degree,"$63,500","$106,700"
286,287,Manufacturing Engineering Technology,Bachelor's Degree,"$76,800","$106,500"
287,288,Advertising,Bachelor's Degree,"$55,100","$106,400"
288,288,Project Management,Bachelor's Degree,"$66,500","$106,400"
289,290,Organizational Psychology,Bachelor's Degree,"$58,100","$106,300"
290,291,Insurance,Bachelor's Degree,"$66,100","$106,200"
291,292,Labor Studies,Bachelor's Degree,"$55,300","$106,000"
292,293,Applied Computer Science,Bachelor's Degree,"$76,500","$105,900"
293,293,Geology,Bachelor's Degree,"$57,800","$105,900"
294,293,Marketing Management,Bachelor's Degree,"$60,900","$105,900"
295,296,Design,Bachelor's Degree,"$62,400","$105,800"
296,296,Radiation Therapy,Bachelor's Degree,"$78,100","$105,800"
297,296,Strategic Communication,Bachelor's Degree,"$54,900","$105,800"
298,296,Transportation & Logistics Management,Bachelor's Degree,"$67,700","$105,800"
299,300,Electronic Systems Technology (EST),Bachelor's Degree,"$89,500","$105,600"
300,300,Latin American Studies,Bachelor's Degree,"$54,900","$105,600"
301,302,Agronomy,Bachelor's Degree,"$56,400","$105,300"
302,302,Environmental Health,Bachelor's Degree,"$58,500","$105,300"
303,304,Applied Technology,Bachelor's Degree,"$67,500","$105,200"
304,305,Accounting Information Systems,Bachelor's Degree,"$73,000","$104,800"
305,305,Crop Science,Bachelor's Degree,"$56,400","$104,800"
306,305,Microbiology,Bachelor's Degree,"$56,800","$104,800"
307,308,Speech & Drama,Bachelor's Degree,"$47,100","$104,700"
308,309,Entrepreneurship,Bachelor's Degree,"$63,600","$104,300"
309,309,Corporate Communications,Bachelor's Degree,"$57,300","$104,300"
310,311,Environmental Design,Bachelor's Degree,"$55,600","$104,200"
311,312,Advertising & Marketing Communications,Bachelor's Degree,"$56,800","$104,100"
312,313,Digital Media Design,Bachelor's Degree,"$53,800","$104,000"
313,313,Hotel Administration,Bachelor's Degree,"$79,700","$104,000"
314,313,Math & Science,Bachelor's Degree,"$65,900","$104,000"
315,316,Aeronautics,Bachelor's Degree,"$72,600","$103,900"
316,317,International Studies,Bachelor's Degree,"$58,100","$103,800"
317,317,Urban & Regional Planning,Bachelor's Degree,"$61,700","$103,800"
318,319,Computer Graphics Technology (CGT),Bachelor's Degree,"$59,400","$103,700"
319,320,Food Science,Bachelor's Degree,"$62,500","$103,400"
320,321,Global Business Management,Bachelor's Degree,"$65,700","$103,100"
321,321,Police Science,Bachelor's Degree,"$63,400","$103,100"
322,323,Product Design Engineering,Bachelor's Degree,"$75,700","$102,900"
323,324,Anthropology & English,Bachelor's Degree,"$53,100","$102,700"
324,324,Construction Engineering Technology,Bachelor's Degree,"$65,700","$102,700"
325,326,Sociology & Organizational Studies,Bachelor's Degree,"$63,800","$102,500"
326,327,Management & Organization,Bachelor's Degree,"$79,500","$102,400"
327,328,Logistics,Bachelor's Degree,"$67,900","$102,300"
328,329,Information Systems Security,Bachelor's Degree,"$66,200","$102,100"
329,329,International Affairs,Bachelor's Degree,"$60,300","$102,100"
330,331,Biological Sciences,Bachelor's Degree,"$58,600","$101,900"
331,331,Personal Financial Planning,Bachelor's Degree,"$62,700","$101,900"
332,333,Environmental Science,Bachelor's Degree,"$57,800","$101,600"
333,334,Theatre & Drama Studies,Bachelor's Degree,"$54,800","$101,400"
334,335,Cinema Studies,Bachelor's Degree,"$54,800","$101,200"
335,335,Land Surveying,Bachelor's Degree,"$59,400","$101,200"
336,337,Business Communication,Bachelor's Degree,"$60,000","$100,800"
337,338,German Studies,Bachelor's Degree,"$58,600","$100,600"
338,338,New Media Design,Bachelor's Degree,"$64,900","$100,600"
339,340,International Trade & Business,Bachelor's Degree,"$62,800","$100,300"
340,340,Technology,Bachelor's Degree,"$64,900","$100,300"
341,340,Textile & Apparel Studies,Bachelor's Degree,"$55,000","$100,300"
342,343,Advertising & Promotion,Bachelor's Degree,"$55,100","$100,200"
343,343,City & Regional Planning,Bachelor's Degree,"$61,600","$100,200"
344,345,Advertising & Marketing,Bachelor's Degree,"$57,000","$99,800"
345,346,Aviation Maintenance Technology,Bachelor's Degree,"$59,000","$99,700"
346,346,English Literature,Bachelor's Degree,"$55,600","$99,700"
347,346,Urban Studies,Bachelor's Degree,"$59,500","$99,700"
348,346,Agricultural Science,Bachelor's Degree,"$55,100","$99,700"
349,350,Management,Bachelor's Degree,"$59,800","$99,600"
350,351,History & Politics,Bachelor's Degree,"$56,500","$99,400"
351,351,Human Biology,Bachelor's Degree,"$59,500","$99,400"
352,353,Automotive Technology,Bachelor's Degree,"$57,300","$99,300"
353,353,Fashion Design,Bachelor's Degree,"$55,500","$99,300"
354,353,Magazine Journalism,Bachelor's Degree,"$56,400","$99,300"
355,356,Textile Technology,Bachelor's Degree,"$62,300","$99,200"
356,356,American History (United States),Bachelor's Degree,"$60,700","$99,200"
357,356,Architectural Technology,Bachelor's Degree,"$57,400","$99,200"
358,359,Organizational Development,Bachelor's Degree,"$62,300","$99,100"
359,360,Business Administration,Bachelor's Degree,"$62,100","$99,000"
360,360,Interior Architecture,Bachelor's Degree,"$55,300","$99,000"
361,360,Journalism & Mass Communication,Bachelor's Degree,"$54,500","$99,000"
362,363,Business Administration & Accounting,Bachelor's Degree,"$61,600","$98,900"
363,364,Environmental & Natural Resource Economics,Bachelor's Degree,"$60,600","$98,800"
364,365,Neuroscience,Bachelor's Degree,"$60,900","$98,700"
365,366,Business Management,Bachelor's Degree,"$60,800","$98,600"
366,367,Computer Aided Drafting & Design (CADD),Bachelor's Degree,"$58,000","$98,400"
367,367,Drama,Bachelor's Degree,"$57,300","$98,400"
368,369,Bachelor in Science Nursing,Bachelor's Degree,"$78,500","$98,300"
369,370,Linguistics,Bachelor's Degree,"$60,800","$98,200"
370,371,Communication,Bachelor's Degree,"$56,900","$98,100"
371,371,Nursing Science,Bachelor's Degree,"$77,900","$98,100"
372,371,Writing,Bachelor's Degree,"$51,400","$98,100"
373,374,French Language,Bachelor's Degree,"$57,800","$98,000"
374,375,Integrated Marketing Communications,Bachelor's Degree,"$55,100","$97,900"
375,376,Architectural Design,Bachelor's Degree,"$52,000","$97,600"
376,377,Logistics Management,Bachelor's Degree,"$67,900","$97,500"
377,377,Natural Sciences,Bachelor's Degree,"$51,600","$97,500"
378,377,Public Affairs,Bachelor's Degree,"$61,100","$97,500"
379,380,Journalism,Bachelor's Degree,"$54,200","$97,400"
380,380,Technical Management,Bachelor's Degree,"$74,800","$97,400"
381,380,General Science,Bachelor's Degree,"$58,300","$97,400"
382,383,French Studies,Bachelor's Degree,"$60,700","$97,300"
383,383,Marketing & Mass Communications,Bachelor's Degree,"$56,500","$97,300"
384,383,Biology & Chemistry,Bachelor's Degree,"$57,300","$97,300"
385,386,Digital Media,Bachelor's Degree,"$53,200","$97,200"
386,387,Professional & Technical Writing,Bachelor's Degree,"$57,300","$96,900"
387,387,Public Relations & Communication,Bachelor's Degree,"$53,200","$96,900"
388,389,Textile Design,Bachelor's Degree,"$58,400","$96,800"
389,390,Finance & Marketing,Bachelor's Degree,"$69,100","$96,700"
390,390,Law,Bachelor's Degree,"$61,600","$96,700"
391,392,Nursing,Bachelor's Degree,"$75,300","$96,600"
392,392,Organizational Communication,Bachelor's Degree,"$54,100","$96,600"
393,394,Architectural Studies,Bachelor's Degree,"$52,500","$96,500"
394,394,Global Business,Bachelor's Degree,"$65,400","$96,500"
395,394,Hydrology,Bachelor's Degree,"$53,000","$96,500"
396,394,Literature,Bachelor's Degree,"$54,800","$96,500"
397,394,Agriculture,Bachelor's Degree,"$55,100","$96,500"
398,399,Physiology,Bachelor's Degree,"$57,100","$96,300"
399,400,Music Technology,Bachelor's Degree,"$53,000","$96,200"
400,400,Pre-Medicine,Bachelor's Degree,"$59,100","$96,200"
401,400,Web & Digital Media Development,Bachelor's Degree,"$62,700","$96,200"
402,403,General Business,Bachelor's Degree,"$58,000","$96,100"
403,403,Public Relations (PR),Bachelor's Degree,"$53,500","$96,100"
404,403,History & Political Science,Bachelor's Degree,"$58,900","$96,100"
405,406,Administration of Justice,Bachelor's Degree,"$52,800","$96,000"
406,406,Biology,Bachelor's Degree,"$55,300","$96,000"
407,406,Web Design & Development,Bachelor's Degree,"$63,000","$96,000"
408,409,Personnel Management,Bachelor's Degree,"$59,600","$95,900"
409,410,Computer Animation,Bachelor's Degree,"$54,800","$95,800"
410,410,Quality Management,Bachelor's Degree,"$73,300","$95,800"
411,410,Retail & Consumer Science,Bachelor's Degree,"$61,600","$95,800"
412,413,Environmental Management,Bachelor's Degree,"$59,100","$95,700"
413,414,History,Bachelor's Degree,"$56,200","$95,600"
414,415,Environmental Biology,Bachelor's Degree,"$52,100","$95,500"
415,415,Media Studies,Bachelor's Degree,"$58,800","$95,500"
416,417,Apparel & Textile Manufacture,Bachelor's Degree,"$55,800","$95,400"
417,417,Philosophy & Religion,Bachelor's Degree,"$51,200","$95,400"
418,419,Publishing,Bachelor's Degree,"$54,000","$95,300"
419,420,Environmental Geography,Bachelor's Degree,"$58,300","$95,200"
420,421,Communication Studies & Journalism,Bachelor's Degree,"$52,700","$95,100"
421,422,Environmental Studies,Bachelor's Degree,"$57,000","$95,000"
422,422,Health Management,Bachelor's Degree,"$52,000","$95,000"
423,424,Architectural Engineering Technology,Bachelor's Degree,"$55,400","$94,900"
424,425,Agribusiness Management,Bachelor's Degree,"$60,400","$94,700"
425,426,Interpersonal Communications,Bachelor's Degree,"$51,500","$94,600"
426,426,Retail Merchandising,Bachelor's Degree,"$60,900","$94,600"
427,428,Diagnostic Medical Sonography,Bachelor's Degree,"$74,100","$94,400"
428,428,Fashion,Bachelor's Degree,"$56,700","$94,400"
429,428,Network Administration,Bachelor's Degree,"$56,000","$94,400"
430,428,General & Strategic Management,Bachelor's Degree,"$57,300","$94,400"
431,432,Accounting & Business,Bachelor's Degree,"$61,000","$94,300"
432,433,Dental Hygiene,Bachelor's Degree,"$83,400","$94,000"
433,433,Electronic & Computer Technology,Bachelor's Degree,"$76,400","$94,000"
434,435,Journalism & Electronic Media,Bachelor's Degree,"$53,100","$93,900"
435,436,Geographic Information Systems (GIS),Bachelor's Degree,"$58,000","$93,800"
436,436,Toxicology,Bachelor's Degree,"$54,900","$93,800"
437,438,Atmospheric Science,Bachelor's Degree,"$57,300","$93,600"
438,439,Retailing,Bachelor's Degree,"$57,300","$93,200"
439,439,Speech Communication,Bachelor's Degree,"$54,500","$93,200"
440,439,Visual Effects & Motion Graphics,Bachelor's Degree,"$55,900","$93,200"
441,442,Ancient History,Bachelor's Degree,"$53,600","$93,100"
442,443,Broadcast & Cinematic Arts,Bachelor's Degree,"$49,400","$93,000"
443,443,Sports Management,Bachelor's Degree,"$53,000","$93,000"
444,445,Bachelor of Science in Nursing,Bachelor's Degree,"$74,300","$92,900"
445,445,Landscape Architecture,Bachelor's Degree,"$60,600","$92,900"
446,447,Professional Studies,Bachelor's Degree,"$49,900","$92,600"
447,448,Diagnostic Medical Ultrasound,Bachelor's Degree,"$78,900","$92,500"
448,448,Entomology,Bachelor's Degree,"$51,300","$92,500"
449,448,Foreign Languages,Bachelor's Degree,"$56,200","$92,500"
450,451,Forestry,Bachelor's Degree,"$54,000","$92,200"
451,451,Workforce Education & Development,Bachelor's Degree,"$69,100","$92,200"
452,453,Leadership,Bachelor's Degree,"$55,600","$92,100"
453,453,Geography,Bachelor's Degree,"$58,300","$92,100"
454,455,Global Studies,Bachelor's Degree,"$60,400","$92,000"
455,455,Media Arts,Bachelor's Degree,"$52,800","$92,000"
456,455,Business Leadership,Bachelor's Degree,"$57,600","$92,000"
457,458,English Language,Bachelor's Degree,"$52,800","$91,800"
458,459,Agricultural Business,Bachelor's Degree,"$61,300","$91,700"
459,460,American Sign Language Interpreting,Bachelor's Degree,"$52,700","$91,600"
460,460,Computer Aided Design (CAD),Bachelor's Degree,"$56,400","$91,600"
461,460,Digital Arts,Bachelor's Degree,"$52,000","$91,600"
462,460,Human Resources Management (HRM),Bachelor's Degree,"$56,100","$91,600"
463,460,Merchandising Management,Bachelor's Degree,"$55,800","$91,600"
464,465,Music Performance,Bachelor's Degree,"$53,400","$91,500"
465,466,Liberal Arts,Bachelor's Degree,"$54,300","$91,400"
466,466,Public Administration,Bachelor's Degree,"$55,000","$91,400"
467,466,Geosciences,Bachelor's Degree,"$57,800","$91,400"
468,469,Retail Management,Bachelor's Degree,"$62,300","$91,300"
469,470,Radio/Television & Film Production,Bachelor's Degree,"$52,800","$91,200"
470,471,Fashion Merchandising,Bachelor's Degree,"$55,200","$91,000"
471,471,Mass Communication,Bachelor's Degree,"$52,400","$91,000"
472,471,Travel Industry Management,Bachelor's Degree,"$60,600","$91,000"
473,474,Allied Health,Bachelor's Degree,"$51,300","$90,700"
474,474,Electronic Media,Bachelor's Degree,"$52,200","$90,700"
475,474,Organizational Leadership & Supervision,Bachelor's Degree,"$56,200","$90,700"
476,477,Homeland Security,Bachelor's Degree,"$57,100","$90,500"
477,477,Arts Management,Bachelor's Degree,"$46,400","$90,500"
478,477,Spanish Language,Bachelor's Degree,"$56,300","$90,500"
479,480,3D Animation,Bachelor's Degree,"$58,400","$90,400"
480,481,Business Management & Administration,Bachelor's Degree,"$60,700","$90,300"
481,481,Marine Biology,Bachelor's Degree,"$49,800","$90,300"
482,481,Nuclear Medicine Technology,Bachelor's Degree,"$70,300","$90,300"
483,481,Religious Studies,Bachelor's Degree,"$53,000","$90,300"
484,485,English Language & Literature,Bachelor's Degree,"$54,200","$90,200"
485,486,Information & Communication Technology,Bachelor's Degree,"$55,500","$90,100"
486,486,Museum Studies,Bachelor's Degree,"$44,200","$90,100"
487,488,Business Technology,Bachelor's Degree,"$64,400","$90,000"
488,488,Radiologic Science,Bachelor's Degree,"$66,000","$90,000"
489,490,Organizational Leadership,Bachelor's Degree,"$58,300","$89,900"
490,490,Animation,Bachelor's Degree,"$52,400","$89,900"
491,492,Art History,Bachelor's Degree,"$55,300","$89,800"
492,492,Management & Leadership,Bachelor's Degree,"$60,900","$89,800"
493,492,Meteorology,Bachelor's Degree,"$54,400","$89,800"
494,495,Film Production,Bachelor's Degree,"$51,800","$89,600"
495,495,Musicology,Bachelor's Degree,"$49,500","$89,600"
496,495,Technical Writing,Bachelor's Degree,"$62,400","$89,600"
497,498,Administrative Management,Bachelor's Degree,"$60,900","$89,500"
498,498,Forestry Management,Bachelor's Degree,"$56,100","$89,500"
499,500,Automotive Technology & Service Management,Bachelor's Degree,"$63,200","$89,400"
500,501,Historic Preservation,Bachelor's Degree,"$48,900","$89,200"
501,502,Multimedia,Bachelor's Degree,"$52,700","$89,000"
502,502,Fashion Marketing & Management,Bachelor's Degree,"$56,500","$89,000"
503,504,Organizational Management,Bachelor's Degree,"$57,200","$88,900"
504,505,Apparel Merchandising,Bachelor's Degree,"$56,700","$88,800"
505,505,Earth Science,Bachelor's Degree,"$58,700","$88,800"
506,505,Ethnic Studies,Bachelor's Degree,"$55,900","$88,800"
507,508,German Language & Literature,Bachelor's Degree,"$59,400","$88,600"
508,508,Radiology,Bachelor's Degree,"$63,800","$88,600"
509,508,Zoology,Bachelor's Degree,"$48,200","$88,600"
510,511,Human Nutrition,Bachelor's Degree,"$57,700","$88,500"
511,512,Agricultural Communication,Bachelor's Degree,"$52,400","$88,400"
512,512,Audio Engineering,Bachelor's Degree,"$55,500","$88,400"
513,512,Geomatics,Bachelor's Degree,"$59,400","$88,400"
514,515,Broadcast Journalism,Bachelor's Degree,"$51,100","$88,300"
515,516,Cytotechnology,Bachelor's Degree,"$69,100","$88,100"
516,516,Marketing & Advertising,Bachelor's Degree,"$57,000","$88,100"
517,518,Applied Management,Bachelor's Degree,"$50,600","$88,000"
518,518,Social Studies,Bachelor's Degree,"$56,600","$88,000"
519,520,Communication Design,Bachelor's Degree,"$60,600","$87,900"
520,520,Romance Languages,Bachelor's Degree,"$59,100","$87,900"
521,522,Sociology & Anthropology,Bachelor's Degree,"$53,300","$87,800"
522,523,Creative Writing,Bachelor's Degree,"$52,800","$87,700"
523,523,Human Resources (HR),Bachelor's Degree,"$55,500","$87,700"
524,525,Law Enforcement,Bachelor's Degree,"$55,200","$87,400"
525,526,Criminal Justice Administration,Bachelor's Degree,"$53,700","$87,300"
526,527,Marine Science,Bachelor's Degree,"$53,600","$87,200"
527,527,Training and Development,Bachelor's Degree,"$61,300","$87,200"
528,529,Advertising & Graphic Design,Bachelor's Degree,"$55,100","$87,100"
529,529,Technical & Scientific Communication,Bachelor's Degree,"$59,200","$87,100"
530,531,Natural Resources,Bachelor's Degree,"$56,000","$86,800"
531,532,Radiologic Technology,Bachelor's Degree,"$64,000","$86,600"
532,533,Sports Administration,Bachelor's Degree,"$52,500","$86,500"
533,534,Broadcast Communication,Bachelor's Degree,"$48,700","$86,400"
534,535,Cultural Anthropology,Bachelor's Degree,"$56,400","$86,300"
535,536,Human Resources Development,Bachelor's Degree,"$57,000","$86,100"
536,537,Human Relations,Bachelor's Degree,"$53,500","$86,000"
537,537,Merchandising,Bachelor's Degree,"$61,000","$86,000"
538,537,Environmental Health Science,Bachelor's Degree,"$63,000","$86,000"
539,540,Communication Management,Bachelor's Degree,"$54,400","$85,900"
540,540,Security Management,Bachelor's Degree,"$55,500","$85,900"
541,542,Administration,Bachelor's Degree,"$49,700","$85,800"
542,542,Adult Education & Training,Bachelor's Degree,"$58,000","$85,800"
543,542,Health Care Management,Bachelor's Degree,"$53,000","$85,800"
544,542,Medical Laboratory Technology,Bachelor's Degree,"$66,700","$85,800"
545,546,Multimedia & Web Design,Bachelor's Degree,"$57,600","$85,700"
546,546,Psychology,Bachelor's Degree,"$52,800","$85,700"
547,548,Visual Communications,Bachelor's Degree,"$52,800","$85,600"
548,549,Emergency Management,Bachelor's Degree,"$58,900","$85,500"
549,550,Natural Resource Management,Bachelor's Degree,"$54,600","$85,300"
550,550,Hotel & Restaurant Management,Bachelor's Degree,"$56,400","$85,300"
551,552,Anthropology,Bachelor's Degree,"$55,200","$85,200"
552,552,Diagnostic Medical Imaging,Bachelor's Degree,"$70,300","$85,200"
553,554,Middle Eastern Studies,Bachelor's Degree,"$67,900","$85,100"
554,554,Painting & Printmaking,Bachelor's Degree,"$40,500","$85,100"
555,556,Criminology,Bachelor's Degree,"$52,200","$85,000"
556,556,New Media,Bachelor's Degree,"$53,100","$85,000"
557,558,Psychology & Social Behavior,Bachelor's Degree,"$53,300","$84,900"
558,559,Art & Design,Bachelor's Degree,"$53,200","$84,700"
559,560,Ecology,Bachelor's Degree,"$54,700","$84,500"
560,560,Interior Design,Bachelor's Degree,"$53,200","$84,500"
561,560,Multidisciplinary Studies,Bachelor's Degree,"$51,500","$84,500"
562,560,Hospitality Management,Bachelor's Degree,"$55,400","$84,500"
563,564,Music,Bachelor's Degree,"$52,700","$84,400"
564,565,Health Sciences,Bachelor's Degree,"$52,300","$84,300"
565,565,Sociology,Bachelor's Degree,"$54,700","$84,300"
566,567,Physical Anthropology,Bachelor's Degree,"$57,600","$84,100"
567,568,Cardiopulmonary Science,Bachelor's Degree,"$58,200","$84,000"
568,569,Archaeology,Bachelor's Degree,"$52,700","$83,900"
569,569,Life Sciences,Bachelor's Degree,"$61,100","$83,900"
570,569,SocialStudies,Bachelor's Degree,"$54,200","$83,900"
571,572,Communication Arts,Bachelor's Degree,"$49,600","$83,800"
572,573,Health Information Management,Bachelor's Degree,"$57,200","$83,700"
573,573,Kinesiology,Bachelor's Degree,"$52,600","$83,700"
574,573,Clinical Laboratory Science,Bachelor's Degree,"$63,400","$83,700"
575,576,Spanish Language Teacher Education,Bachelor's Degree,"$56,700","$83,600"
576,577,Child Psychology,Bachelor's Degree,"$50,500","$83,500"
577,577,Exercise Physiology,Bachelor's Degree,"$50,600","$83,500"
578,577,Respiratory Care,Bachelor's Degree,"$63,700","$83,500"
579,580,Art Therapy,Bachelor's Degree,"$47,500","$83,400"
580,580,Medical Laboratory Science,Bachelor's Degree,"$64,900","$83,400"
581,580,Secondary Education,Bachelor's Degree,"$52,100","$83,400"
582,580,Theater,Bachelor's Degree,"$52,800","$83,400"
583,584,Hospital Administration,Bachelor's Degree,"$60,100","$83,300"
584,584,Practical Nursing,Bachelor's Degree,"$72,100","$83,300"
585,586,Health,Bachelor's Degree,"$51,000","$83,200"
586,586,Health Care Administration,Bachelor's Degree,"$53,400","$83,200"
587,588,Mass Media,Bachelor's Degree,"$47,100","$82,900"
588,589,Sustainability,Bachelor's Degree,"$56,100","$82,700"
589,590,Radiography,Bachelor's Degree,"$64,700","$82,600"
590,591,Media Communication,Bachelor's Degree,"$55,000","$82,500"
591,592,Applied Behavior Analysis,Bachelor's Degree,"$44,700","$82,400"
592,592,Biological Anthropology,Bachelor's Degree,"$54,900","$82,400"
593,592,Hotel & Restaurant Tourism,Bachelor's Degree,"$50,200","$82,400"
594,592,Respiratory Therapy,Bachelor's Degree,"$63,800","$82,400"
595,596,Radio & Television,Bachelor's Degree,"$50,100","$82,100"
596,597,Recreation Management,Bachelor's Degree,"$50,300","$81,900"
597,598,Humanities,Bachelor's Degree,"$58,100","$81,800"
598,599,Computer Art,Bachelor's Degree,"$45,400","$81,600"
599,600,Communications Technology,Bachelor's Degree,"$54,100","$81,500"
600,600,Psychiatry,Bachelor's Degree,"$65,900","$81,500"
601,602,Commercial Photography,Bachelor's Degree,"$50,400","$81,300"
602,603,Fashion Design & Marketing,Bachelor's Degree,"$55,300","$81,200"
603,603,Interdisciplinary Studies (IS),Bachelor's Degree,"$52,200","$81,200"
604,603,Web Design,Bachelor's Degree,"$55,500","$81,200"
605,606,Legal Studies,Bachelor's Degree,"$55,000","$81,100"
606,606,Nutrition & Dietetics,Bachelor's Degree,"$59,000","$81,100"
607,608,Plant Sciences,Bachelor's Degree,"$57,400","$80,900"
608,609,Graphic Design,Bachelor's Degree,"$52,900","$80,800"
609,609,Fine Arts,Bachelor's Degree,"$50,400","$80,800"
610,611,Liberal Studies,Bachelor's Degree,"$52,800","$80,700"
611,611,Modern Languages,Bachelor's Degree,"$58,900","$80,700"
612,613,Religion,Bachelor's Degree,"$51,900","$80,600"
613,614,Medical Technology,Bachelor's Degree,"$62,800","$80,500"
614,615,Dietetics,Bachelor's Degree,"$59,700","$80,300"
615,615,Health Administration,Bachelor's Degree,"$49,500","$80,300"
616,615,Missions,Bachelor's Degree,"$46,700","$80,300"
617,618,Applied Sociology,Bachelor's Degree,"$48,900","$80,100"
618,619,Criminal Justice,Bachelor's Degree,"$50,000","$80,000"
619,620,Ornamental Horticulture,Bachelor's Degree,"$47,400","$79,800"
620,620,Physical Geography,Bachelor's Degree,"$56,100","$79,800"
621,622,Landscape Management,Bachelor's Degree,"$61,100","$79,600"
622,622,Ministry,Bachelor's Degree,"$42,700","$79,600"
623,622,Public Health (PH),Bachelor's Degree,"$54,000","$79,600"
624,625,Speech-Language Pathology,Bachelor's Degree,"$51,400","$79,400"
625,626,Drawing,Bachelor's Degree,"$44,300","$79,300"
626,627,Health & Fitness,Bachelor's Degree,"$45,300","$79,200"
627,628,Forensic Psychology,Bachelor's Degree,"$49,700","$79,100"
628,628,Pastoral Studies,Bachelor's Degree,"$60,800","$79,100"
629,630,Culture Studies,Bachelor's Degree,"$53,500","$79,000"
630,631,Foods & Nutrition,Bachelor's Degree,"$54,500","$78,900"
631,631,Women's Studies,Bachelor's Degree,"$52,500","$78,900"
632,631,Forensic Accounting,Bachelor's Degree,"$56,200","$78,900"
633,634,Animal Science,Bachelor's Degree,"$48,300","$78,800"
634,635,Performing Arts,Bachelor's Degree,"$52,900","$78,600"
635,636,Education,Bachelor's Degree,"$52,200","$78,500"
636,637,African American & African Studies,Bachelor's Degree,"$55,900","$78,400"
637,638,Hospitality & Tourism,Bachelor's Degree,"$53,200","$78,200"
638,638,Modern Language Spanish,Bachelor's Degree,"$52,400","$78,200"
639,640,Arts & Science,Bachelor's Degree,"$53,300","$77,900"
640,641,Nutrition Science,Bachelor's Degree,"$57,800","$77,800"
641,642,Speech Pathology & Audiology,Bachelor's Degree,"$53,100","$77,700"
642,643,Media Production,Bachelor's Degree,"$50,800","$77,600"
643,643,Small Business Management,Bachelor's Degree,"$54,000","$77,600"
644,645,Painting,Bachelor's Degree,"$48,500","$77,500"
645,645,Social Science Teacher Education,Bachelor's Degree,"$53,100","$77,500"
646,645,Network Technology,Bachelor's Degree,"$64,100","$77,500"
647,648,Psychology & Sociology,Bachelor's Degree,"$50,700","$77,400"
648,649,Music Composition,Bachelor's Degree,"$51,200","$77,300"
649,649,Video Production,Bachelor's Degree,"$48,900","$77,300"
650,651,Dramatic Art,Bachelor's Degree,"$50,000","$76,700"
651,652,Mortuary Science,Bachelor's Degree,"$49,100","$76,600"
652,652,Technical Theatre,Bachelor's Degree,"$48,000","$76,600"
653,654,Family & Consumer Science,Bachelor's Degree,"$51,300","$76,500"
654,654,Radio Broadcasting,Bachelor's Degree,"$53,100","$76,500"
655,654,Theology,Bachelor's Degree,"$51,800","$76,500"
656,657,Health Studies,Bachelor's Degree,"$50,900","$76,400"
657,658,Consumer Affairs,Bachelor's Degree,"$59,500","$76,200"
658,659,Vocal Performance,Bachelor's Degree,"$49,900","$76,100"
659,660,Art,Bachelor's Degree,"$51,000","$76,000"
660,661,Behavioral Science,Bachelor's Degree,"$50,800","$75,900"
661,661,Health Services Administration,Bachelor's Degree,"$50,100","$75,900"
662,663,General Studies,Bachelor's Degree,"$51,300","$75,800"
663,663,Photography,Bachelor's Degree,"$51,300","$75,800"
664,665,Exercise & Sports Science,Bachelor's Degree,"$49,500","$75,700"
665,665,Forensic Science,Bachelor's Degree,"$53,600","$75,700"
666,665,History Teacher Education,Bachelor's Degree,"$53,000","$75,700"
667,668,International Trade,Bachelor's Degree,"$55,700","$75,600"
668,669,Restaurant & Food Service Management,Bachelor's Degree,"$50,600","$75,500"
669,670,Health & Physical Education Teaching,Bachelor's Degree,"$46,600","$75,300"
670,671,Justice Studies,Bachelor's Degree,"$53,800","$75,200"
671,672,Tourism & Travel,Bachelor's Degree,"$46,700","$75,100"
672,673,Culinary Arts,Bachelor's Degree,"$47,800","$74,900"
673,673,Physical Education Teaching,Bachelor's Degree,"$49,700","$74,900"
674,675,Physical Therapist Assistant Studies,Bachelor's Degree,"$56,800","$74,800"
675,676,Graphic Arts,Bachelor's Degree,"$49,800","$74,600"
676,677,Interior Design & Merchandising,Bachelor's Degree,"$51,700","$74,300"
677,677,Supervision & Management,Bachelor's Degree,"$49,500","$74,300"
678,679,Event Management,Bachelor's Degree,"$49,800","$74,100"
679,679,Health & Wellness,Bachelor's Degree,"$46,800","$74,100"
680,679,Music Industry,Bachelor's Degree,"$54,500","$74,100"
681,682,Clinical Psychology,Bachelor's Degree,"$49,300","$74,000"
682,682,Recreation Administration,Bachelor's Degree,"$55,500","$74,000"
683,684,Health & Exercise Science,Bachelor's Degree,"$48,300","$73,900"
684,684,Physical Education & Exercise Science,Bachelor's Degree,"$52,600","$73,900"
685,686,Recreation & Leisure Studies,Bachelor's Degree,"$48,400","$73,800"
686,687,Ceramics,Bachelor's Degree,"$51,100","$73,700"
687,687,Culinary Arts & Food Service Management,Bachelor's Degree,"$49,800","$73,700"
688,689,Secondary English Teacher Education,Bachelor's Degree,"$51,700","$73,600"
689,690,Family & Community Services,Bachelor's Degree,"$49,700","$73,500"
690,691,Instrumental Music Teacher Education,Bachelor's Degree,"$51,100","$73,200"
691,692,Health Services Management,Bachelor's Degree,"$48,900","$73,100"
692,693,Exercise Science,Bachelor's Degree,"$48,900","$72,900"
693,693,English Teacher Education,Bachelor's Degree,"$50,300","$72,900"
694,693,Paralegal Studies,Bachelor's Degree,"$47,300","$72,900"
695,696,Audio Production,Bachelor's Degree,"$51,300","$72,600"
696,697,Community Health,Bachelor's Degree,"$54,300","$72,400"
697,697,Photojournalism,Bachelor's Degree,"$48,200","$72,400"
698,699,Fashion & Retail Management,Bachelor's Degree,"$57,300","$72,300"
699,700,Dance,Bachelor's Degree,"$51,800","$72,000"
700,701,Conservation Biology,Bachelor's Degree,"$49,400","$71,600"
701,702,Parks & Recreation Management,Bachelor's Degree,"$49,700","$71,500"
702,703,Deaf Studies,Bachelor's Degree,"$43,300","$71,300"
703,703,Music Teacher Education,Bachelor's Degree,"$49,600","$71,300"
704,703,Tourism Management,Bachelor's Degree,"$51,400","$71,300"
705,706,Teaching English as a Second Language (ESL),Bachelor's Degree,"$49,900","$70,900"
706,707,Organizational Administration,Bachelor's Degree,"$52,600","$70,700"
707,708,Wildlife Biology,Bachelor's Degree,"$50,200","$70,400"
708,709,Educational Studies (ED),Bachelor's Degree,"$46,900","$70,300"
709,709,Elementary Special Education,Bachelor's Degree,"$52,500","$70,300"
710,711,Horticulture,Bachelor's Degree,"$49,900","$70,100"
711,712,Gender Studies,Bachelor's Degree,"$52,700","$70,000"
712,712,Landscape Design,Bachelor's Degree,"$57,900","$70,000"
713,712,Wildlife Management,Bachelor's Degree,"$45,800","$70,000"
714,715,Community Development,Bachelor's Degree,"$53,000","$69,600"
715,715,Emergency Medical Services (EMS),Bachelor's Degree,"$48,100","$69,600"
716,717,Biblical Studies & Practical Ministries,Bachelor's Degree,"$44,300","$69,200"
717,717,Community Health Education,Bachelor's Degree,"$50,100","$69,200"
718,717,Recording Arts,Bachelor's Degree,"$53,400","$69,200"
719,720,Health Promotion,Bachelor's Degree,"$49,500","$69,000"
720,720,Social Studies Teacher Education,Bachelor's Degree,"$50,900","$69,000"
721,722,Athletic Training,Bachelor's Degree,"$49,100","$68,900"
722,722,Pastoral Ministry,Bachelor's Degree,"$45,800","$68,900"
723,724,Communication Sciences & Disorders,Bachelor's Degree,"$52,000","$68,700"
724,725,Speech & Hearing,Bachelor's Degree,"$53,200","$68,600"
725,726,Sculpture,Bachelor's Degree,"$46,000","$68,200"
726,727,Church Ministries,Bachelor's Degree,"$43,300","$67,400"
727,728,Biblical Studies,Bachelor's Degree,"$48,400","$67,300"
728,729,Horticulture & Agronomy,Bachelor's Degree,"$60,700","$67,200"
729,730,Bible Studies & Theology,Bachelor's Degree,"$46,300","$67,000"
730,731,Human Development & Family Studies,Bachelor's Degree,"$47,000","$66,400"
731,732,Family Studies,Bachelor's Degree,"$46,300","$66,100"
732,732,Legal Assistant Studies,Bachelor's Degree,"$43,300","$66,100"
733,734,Christian Ministry,Bachelor's Degree,"$44,300","$65,200"
734,735,Health and Human Services,Bachelor's Degree,"$50,600","$65,100"
735,735,Voice & Opera,Bachelor's Degree,"$39,600","$65,100"
736,737,Home Economics,Bachelor's Degree,"$49,200","$65,000"
737,737,Special Education,Bachelor's Degree,"$48,400","$65,000"
738,739,Music Therapy,Bachelor's Degree,"$49,400","$64,900"
739,740,Rehabilitation Services,Bachelor's Degree,"$43,600","$64,700"
740,741,Developmental Psychology,Bachelor's Degree,"$44,200","$63,700"
741,741,Youth Ministry,Bachelor's Degree,"$44,000","$63,700"
742,743,Educational Psychology,Bachelor's Degree,"$48,100","$63,600"
743,744,Community & Human Services,Bachelor's Degree,"$49,500","$63,200"
744,744,Therapeutic Recreation,Bachelor's Degree,"$46,700","$63,200"
745,746,Social Work (SW),Bachelor's Degree,"$45,000","$63,000"
746,747,Elementary Education,Bachelor's Degree,"$47,300","$62,500"
747,748,Office Administration,Bachelor's Degree,"$45,600","$62,300"
748,749,Christian Education,Bachelor's Degree,"$47,200","$62,200"
749,750,Human Services (HS),Bachelor's Degree,"$45,800","$61,400"
750,751,Child Development,Bachelor's Degree,"$43,400","$60,400"
751,752,Middle School Education,Bachelor's Degree,"$49,900","$60,200"
752,753,Recreational Therapy,Bachelor's Degree,"$45,700","$58,900"
753,754,Early Childhood & Elementary Education,Bachelor's Degree,"$44,900","$58,000"
754,755,Outdoor Education,Bachelor's Degree,"$43,400","$56,900"
755,756,Baking & Pastry Arts,Bachelor's Degree,"$43,700","$56,500"
756,757,Child & Family Studies,Bachelor's Degree,"$42,900","$55,300"
757,758,Mental Health,Bachelor's Degree,"$44,100","$54,500"
758,759,Equine Studies,Bachelor's Degree,"$42,300","$54,100"
759,760,Nonprofit Administration,Bachelor's Degree,"$43,900","$53,700"
760,761,Addictions Counseling,Bachelor's Degree,"$47,300","$52,400"
761,762,Early Childhood Education,Bachelor's Degree,"$43,400","$52,200"
762,763,Metalsmithing,Bachelor's Degree,"$45,900","$46,600"
